[
    {
        "view": "login",
        "labels": [
            "my_erp_companion",
            "login",
            "password",
            "sign_in",
            "invalid_credentials"
        ]
    },
    {
        "view": "index",
        "labels": [
            "my_erp_companion",
            "index"
        ]
    },
    {
        "view": "all_employees",
        "labels": [
            "id",
            "first_name",
            "middle_name",
            "last_name"
        ]
    },
    {
        "view": "new_employee",
        "labels": [
            "my_erp_companion",
            "human_resources",
            "new_employee"
        ]
    },
    {
        "view": "new_category",
        "labels": [
            "my_erp_companion",
            "inventory",
            "new_category"
        ]
    },
    {
        "view": "new_item",
        "labels": [
            "my_erp_companion",
            "inventory",
            "new_item"
        ]
    }
]