[
    {
        "name": "login",
        "label": null,
        "template": "core/login.html",
        "module": null,
        "order": null
    },
    {
        "name": "index",
        "label": null,
        "template": "core/index.html",
        "module": null,
        "order": null
    },
    {
        "name": "all_employees",
        "label": "all_employees",
        "module": "human_resources",
        "template": "business/employee/all_employees.html",
        "order": 1
    },
    {
        "name": "new_employee",
        "label": "new_employee",
        "module": "human_resources",
        "template": "business/employee/new_employee.html",
        "order": 2
    },
    {
        "name": "new_category",
        "label": "new_category",
        "module": "inventory",
        "template": "business/category/new_category.html",
        "order": 1
    },
    {
        "name": "new_item",
        "label": "new_item",
        "module": "inventory",
        "template": "business/item/new_item.html",
        "order": 2
    }
]