[
    {
        "first_name": "Anthony",
        "middle_name": null,
        "last_name": "Anderson",
        "pesel": null,
        "date_of_birth": "1967-08-24",
        "identity_document": "passport",
        "identity_document_number": "110Xyh1MD",
        "phone_country_code": 59,
        "phone_number": 130435287,
        "email": "anthony.anderson@example.com",
        "street": "Alan Ranch",
        "house_number": 650,
        "apartment_number": 533,
        "postal_code": "77-935",
        "city": "Clarkchester",
        "country": "Czech Republic",
        "bank_country_code": "IC",
        "bank_account_number": "32064023804475809808635118",
        "bank_name": "Mosley-Richards Bank",
        "bank_swift": "LHNPGB4X",
        "date_of_employment": "2024-08-19",
        "position": "Data Analyst",
        "department": "Sales Department",
        "salary": 8802.51
    },
    {
        "first_name": "Shelly",
        "middle_name": null,
        "last_name": "Hall",
        "pesel": 25107472583,
        "date_of_birth": "1987-03-30",
        "identity_document": "id_card",
        "identity_document_number": "0qAnc9H0G",
        "phone_country_code": 5,
        "phone_number": 558638673,
        "email": "shelly.hall@example.com",
        "street": "Harvey Park",
        "house_number": 84005,
        "apartment_number": 39409,
        "postal_code": "36-759",
        "city": "Lake Todd",
        "country": "Spain",
        "bank_country_code": "ZA",
        "bank_account_number": "73148953656048698344630956",
        "bank_name": "Rodriguez Bank",
        "bank_swift": "FTNWGBJD",
        "date_of_employment": "2024-10-19",
        "position": "Customer Service Manager",
        "department": "Finance Department",
        "salary": 6640.81
    },
    {
        "first_name": "Keith",
        "middle_name": "Andrew",
        "last_name": "Foster",
        "pesel": 99586744476,
        "date_of_birth": "1981-01-10",
        "identity_document": "passport",
        "identity_document_number": "AzXT23hn7",
        "phone_country_code": 21,
        "phone_number": 698271157,
        "email": "keith.foster@example.com",
        "street": "Long Isle",
        "house_number": 10890,
        "apartment_number": null,
        "postal_code": "45-619",
        "city": "East Stephanie",
        "country": "Slovakia",
        "bank_country_code": "MR",
        "bank_account_number": "23219772099606574786365798",
        "bank_name": "Sanchez-Holden Bank",
        "bank_swift": "VIOYGBIL",
        "date_of_employment": "2024-05-01",
        "position": "Customer Service Specialist",
        "department": "Shipping Department",
        "salary": 14400.84
    },
    {
        "first_name": "Kevin",
        "middle_name": null,
        "last_name": "Charles",
        "pesel": 59444173260,
        "date_of_birth": "1988-03-06",
        "identity_document": "id_card",
        "identity_document_number": "NsiZzzcQ0",
        "phone_country_code": 72,
        "phone_number": 987921654,
        "email": "kevin.charles@example.com",
        "street": "Shelly Road",
        "house_number": 2176,
        "apartment_number": null,
        "postal_code": "13-330",
        "city": "Rachelville",
        "country": "Portugal",
        "bank_country_code": "TG",
        "bank_account_number": "73408716872149826420919570",
        "bank_name": "Ferguson Bank",
        "bank_swift": "MHXMGBVY",
        "date_of_employment": "2024-08-16",
        "position": "Forklift Operator",
        "department": "Marketing Department",
        "salary": 14520.27
    },
    {
        "first_name": "Jennifer",
        "middle_name": null,
        "last_name": "Hernandez",
        "pesel": null,
        "date_of_birth": "1993-07-28",
        "identity_document": "passport",
        "identity_document_number": "92ojsL3kS",
        "phone_country_code": 49,
        "phone_number": 188903392,
        "email": "jennifer.hernandez@example.com",
        "street": "Ashley Road",
        "house_number": 72235,
        "apartment_number": null,
        "postal_code": "40-982",
        "city": "Seanport",
        "country": "Luxembourg",
        "bank_country_code": "SY",
        "bank_account_number": "86753614979941763167542231",
        "bank_name": "Garza Bank",
        "bank_swift": "XKCWGBZI",
        "date_of_employment": "2023-11-25",
        "position": "Warehouse Operator",
        "department": "Finance Department",
        "salary": 10498.66
    },
    {
        "first_name": "Daniel",
        "middle_name": "Gary",
        "last_name": "Jackson",
        "pesel": null,
        "date_of_birth": "1986-09-04",
        "identity_document": "passport",
        "identity_document_number": "3PB7uR3Xu",
        "phone_country_code": 38,
        "phone_number": 141654902,
        "email": "daniel.jackson@example.com",
        "street": "Hernandez Place",
        "house_number": 619,
        "apartment_number": 271,
        "postal_code": "70-281",
        "city": "Brownborough",
        "country": "Czech Republic",
        "bank_country_code": "PW",
        "bank_account_number": "72323102219039011336116782",
        "bank_name": "Lloyd-Lewis Bank",
        "bank_swift": "DBSFGBBE",
        "date_of_employment": "2024-09-17",
        "position": "WMS Specialist",
        "department": "IT Department",
        "salary": 8588.17
    },
    {
        "first_name": "Matthew",
        "middle_name": "Maria",
        "last_name": "Harrison",
        "pesel": 55236220339,
        "date_of_birth": "1978-12-29",
        "identity_document": "passport",
        "identity_document_number": "dP3PKL3y5",
        "phone_country_code": 74,
        "phone_number": 420396599,
        "email": "matthew.harrison@example.com",
        "street": "Mcconnell Ridge",
        "house_number": 6995,
        "apartment_number": 924,
        "postal_code": "76-607",
        "city": "Joshuabury",
        "country": "France",
        "bank_country_code": "RS",
        "bank_account_number": "77292175929446832091229115",
        "bank_name": "Gonzalez Bank",
        "bank_swift": "TJGHGBIG",
        "date_of_employment": "2024-05-12",
        "position": "Logistics Director",
        "department": "Finance Department",
        "salary": 9360.39
    },
    {
        "first_name": "Kristen",
        "middle_name": null,
        "last_name": "Carter",
        "pesel": null,
        "date_of_birth": "1976-08-11",
        "identity_document": "passport",
        "identity_document_number": "ZvQRKh4X0",
        "phone_country_code": 47,
        "phone_number": 252631099,
        "email": "kristen.carter@example.com",
        "street": "Michael Ports",
        "house_number": 669,
        "apartment_number": 35305,
        "postal_code": "13-291",
        "city": "Stephanieville",
        "country": "France",
        "bank_country_code": "FI",
        "bank_account_number": "40992466860671044417841483",
        "bank_name": "Powell Bank",
        "bank_swift": "QRCZGBJE",
        "date_of_employment": "2024-03-23",
        "position": "Shipping Coordinator",
        "department": "Marketing Department",
        "salary": 6498.22
    },
    {
        "first_name": "Heather",
        "middle_name": "Leonard",
        "last_name": "Davis",
        "pesel": null,
        "date_of_birth": "1994-03-06",
        "identity_document": "passport",
        "identity_document_number": "J8Ddkvi4x",
        "phone_country_code": 3,
        "phone_number": 303697158,
        "email": "heather.davis@example.com",
        "street": "Gary Grove",
        "house_number": 258,
        "apartment_number": null,
        "postal_code": "97-760",
        "city": "Port Philip",
        "country": "Romania",
        "bank_country_code": "HU",
        "bank_account_number": "59894234126603159820844577",
        "bank_name": "Underwood Bank",
        "bank_swift": "IMHYGBRM",
        "date_of_employment": "2024-06-17",
        "position": "IT Specialist",
        "department": "Warehouse Department",
        "salary": 7154.45
    },
    {
        "first_name": "Sally",
        "middle_name": "Timothy",
        "last_name": "Hernandez",
        "pesel": 34740910185,
        "date_of_birth": "1976-07-22",
        "identity_document": "id_card",
        "identity_document_number": "hj4sZJXgF",
        "phone_country_code": 39,
        "phone_number": 109262305,
        "email": "sally.hernandez@example.com",
        "street": "Benjamin Center",
        "house_number": 584,
        "apartment_number": 499,
        "postal_code": "40-895",
        "city": "Lake Marcusburgh",
        "country": "Slovakia",
        "bank_country_code": "AF",
        "bank_account_number": "29275400990653940893394655",
        "bank_name": "Moss Bank",
        "bank_swift": "TPBCGB0O",
        "date_of_employment": "2024-04-01",
        "position": "Purchasing Specialist",
        "department": "Warehouse Department",
        "salary": 8415.9
    }
]